代码,名称,所属行业,总市值,流通市值,市盈率,市净率,股息率,涨跌幅,换手率,振幅,最高,最低,今开,昨收,收盘价,成交量,成交额
600000,模拟股票1,医疗器械,6501696697.736188,4551187688.415331,27.364863691836423,1.0210968874867665,0.263331611832235,-2.6556910370747833,1.2295923301638736,3.157091538232659,68.93261085397396,66.22937121264164,66.90518112297472,67.24308607814126,67.5809910333078,1182941.5743027627,79944363.92588201
600001,模拟股票2,证券,7997525539.706683,5598267877.794678,20.35513259315116,1.3894150546223967,1.276484841998953,-0.49160134948431056,1.9266913538136639,1.4460439793115107,10.165172864890623,9.766538634894912,9.86619719239384,9.916026471143304,9.965855749892768,15461555.631509738,154087633.09256822
600002,模拟股票3,保险,27741557828.213997,19419090479.749798,33.09814088776019,0.7329426309240729,0.0402377149845585,2.337577903545014,0.5250525017907556,2.8247999103210417,30.427339093083248,29.234110109040763,29.532417355051386,29.681570978056694,29.830724601062006,4882809.430904042,145657743.41276678
600003,模拟股票4,生物制品,2845583867.853003,1991908707.497102,-1.0,1.5041377620900334,2.715639496412451,8.334939124657321,0.7470931633152473,0.6131657985237172,16.967194728666396,16.3018145432285,16.468159589587973,16.55133211276771,16.634504635947447,1278015.96731591,21259162.53313137
600004,模拟股票5,影视,88932218832.77008,62252553182.93905,31.283160450624987,1.7657001768337564,0.23163864738278905,-4.749882640610663,0.6331208864176514,5.293673595722802,5.542991588872081,5.325619369700627,5.37996242449349,5.407133951889922,5.434305479286354,103610011.31258826,563048452.1849195
600005,模拟股票6,半导体,24132050689.79298,16892435482.855085,-1.0,1.4133560984409141,10.8353658489683,1.8350288665226038,0.01107484075187095,5.069690332458378,7.230187916509792,6.946651135470192,7.017535330730092,7.052977428360042,7.088419525989992,377035.5541536723,2672586.184055348
600006,模拟股票7,游戏,59936850012.44147,41955795008.70902,30.164340416645036,1.7943355834640855,6.161574324047962,-2.6890055493879057,3.794754406458024,1.390005350395028,20.034150537040624,19.248497574803736,19.44491081536296,19.543117435642568,19.64132405592218,115799538.28283148,2274456256.9392595
600007,模拟股票8,食品饮料,12546392527.460033,8782474769.222023,33.14451528592355,1.8563729438107903,1.5976653334407744,-1.9353592638153727,2.860785506153728,2.4716624846574864,16.595165986714296,15.94437516370589,16.10707286945799,16.18842172233404,16.269770575210092,22060875.24784265,358925378.970731
600008,模拟股票9,石油行业,2335215103903.0747,1634650572732.152,11.562481663288962,1.7071389272585367,0.9434917719877496,-0.6590156635125358,1.4208743542683802,1.5848459246480178,9.782516354603144,9.398888262265766,9.49479528535011,9.542748796892283,9.590702308434455,3459649925.655625,33180472528.360493
600009,模拟股票10,电网设备,25357733797.368805,17750413658.15816,21.7900250308272,2.1027286633777846,2.9668465332316964,2.6898911511328385,0.7009134510665724,0.3344518766144162,15.709254916642857,15.093205704225491,15.247218007329833,15.324224158882004,15.401230310434174,11540361.613253595,177735767.07141232
600010,模拟股票11,工程机械,116187830187.79477,81331481131.45633,22.316626338340193,1.2450538256663248,0.6467168653484534,0.8883608311937281,1.1141153854972288,0.02092922754495194,9.56081438373182,9.185880486330571,9.279613960680884,9.32648069785604,9.373347435031196,138100769.3537295,1294466492.1976151
600011,模拟股票12,生物制品,21955063916.85261,15368544741.796827,64.52607261362913,1.550636384001148,0.7847651162561603,-1.5413624745247383,0.49375655830139376,2.4500285919950944,7.29328550545966,7.007274309167124,7.078777108240258,7.114528507776825,7.150279907313392,15160884.521156317,108404567.96872263
600012,模拟股票13,游戏,14500598101.980518,10150418671.386362,19.75830941322871,2.5464260045551614,0.40067696955004983,-1.3252980696780385,12.185210224316895,1.269686474629913,27.765441388286703,26.676600549530363,26.948810759219448,27.08491586406399,27.221020968908533,64910436.84686892,1766928362.5096316
600013,模拟股票14,银行,13081084811.305988,9156759367.91419,19.67154033491946,1.0330636294031708,10.61009245653815,-3.449377732483075,2.8677752524789257,0.8139995170074174,22.95739480336894,22.057104811079963,22.282177309152207,22.39471355818833,22.50724980722445,16667345.685833206,375136112.9744127
600014,模拟股票15,家电行业,121705765481.3671,85194035836.95695,8.661512512306032,1.1592157195120893,4.509111985615743,5.119814861035386,0.7736205873347932,0.050180842675411855,13.2145512012128,12.69633350704759,12.825887930588893,12.890665142359545,12.955442354130195,72675315.28455259,941540857.7372582
600015,模拟股票16,保险,55025627456.211006,38517939219.3477,13.037387668834022,1.4799769189786554,7.055425106790483,-7.409096595202792,3.6367421464705947,3.3781673741561598,17.500210336533467,16.813927578238033,16.98549826781189,17.071283612598823,17.15706895738575,116636483.19128968,2001140185.059921
600016,模拟股票17,影视,50284190979.39063,35198933685.57344,9.597296172828194,2.844975937628176,0.6921926135947578,-4.320124343051393,0.19545228094988146,1.2887028474349318,94.73966867737094,91.02438755276815,91.95320783391885,92.41761797449419,92.88202811506955,1058133.6370546794,98281598.22641353
600017,模拟股票18,教育,88544547874.06123,61981183511.84286,16.923554677037664,2.5246867295828634,5.468014554853818,3.3080623963881353,1.7382734368270785,1.3969964374184092,20.952150203971865,20.1304972547965,20.33591049209034,20.438617110737262,20.54132372938418,74929268.226843,1539146355.453442
600018,模拟股票19,保险,11976285724.748562,8383400007.323993,6.29186722449196,1.645521280958533,0.4925406198081176,2.601688496929332,0.9128920118022567,1.1047715301633987,9.144421143850405,8.785816393111173,8.87546758079598,8.920293174638385,8.965118768480789,12195103.99306964,109330555.69184363
600019,模拟股票20,教育,62491819571.87359,43744273700.31151,-1.0,0.9531829484254247,0.6992505091560531,2.636020644572687,7.2246188123258515,2.9920031572094494,6.701812603885976,6.438996423341427,6.504700468477565,6.537552491045633,6.570404513613702,687141216.8915585,4514795752.954308
600020,模拟股票21,证券,10360734631.722515,7252514242.20576,45.543142721670286,2.634811286815369,4.990833122543706,-4.7124359505828455,1.6972837893697597,4.3902262674519905,12.379548934262422,11.894076427036444,12.015444553842938,12.076128617246185,12.136812680649433,14489065.126976585,175851069.3638449
600021,模拟股票22,游戏,14585675651.38299,10209972955.968092,22.518996076211213,1.8792811835389196,7.647843767372768,6.356658636689975,0.8031961036469754,11.786223492331965,18.635397595066564,17.90459768937768,18.087297665799902,18.178647654011012,18.269997642222123,6412238.294533517,117151578.52249376
600022,模拟股票23,银行,150990970983.09714,105693679688.16798,22.838694998289895,1.0017059419814422,6.8782336770176045,5.288812416909685,0.20445639469864577,2.8635921465531533,20.57059395728938,19.763903998179988,19.965576487957335,20.06641273284601,20.167248977734683,15307526.372751469,308710695.59251875
600023,模拟股票24,证券,4114651451.865069,2880256016.305548,10.845637708650642,1.973699332134708,0.8792545534072893,1.9703919934919396,1.088698826179077,0.2553477502940987,51.570102848323685,49.54774587387962,50.05333511749063,50.306129739296146,50.55892436110165,886018.8903124694,44796162.05781536
600024,模拟股票25,医疗器械,1722133067.4207132,1205493147.1944993,28.290733317491746,2.596660655020767,3.0263766212787924,0.528542766156964,0.8249648142753084,1.412810366182669,14.963883840177264,14.377064866052663,14.523769609583814,14.597121981349389,14.670474353114964,968407.1229915213,14206991.861220958
600025,模拟股票26,证券,252582111824.6025,176807478277.22174,13.39012050738331,1.7505560608759327,0.7200431899517311,1.0632587553589872,0.07921782459884145,1.1864756078810519,13.908894418965474,13.363447579006042,13.4998092889959,13.56799014399083,13.636170998985758,14673477.938062353,200090054.3132632
600026,模拟股票27,生物制品,884215935.1227021,618951154.5858915,27.931240875922825,0.9916860310514959,0.22302757247474322,-1.9548010428174512,1.5558208853894844,3.0436123446138477,12.887528995311529,12.382135701377743,12.50848402486119,12.571658186602912,12.634832348344636,1088800.8492161192,13756816.190580932
600027,模拟股票28,教育,15182293149.049603,10627605204.33472,26.186510456908135,1.265269843046796,1.4449585781832532,1.5149618369413713,0.1634103371673398,1.5775789333954258,24.57548238986518,23.611737982419484,23.85267408428091,23.97314213521162,24.09361018614233,1029710.2108369492,24809436.424595885
600028,模拟股票29,银行,54382787538.95211,38067951277.26647,16.58314724242359,1.519153691377374,0.504880448357858,1.733691405296504,1.4542199127432958,3.2110483721644827,14.395088022234813,13.830574766460899,13.971703080404376,14.042267237376116,14.112831394347856,56037325.42380208,790845325.4963212
600029,模拟股票30,食品饮料,2028237638.8864417,1419766347.220509,60.71734936048635,2.736731868193987,0.03624519930201069,1.3314582844386853,0.2467607844799521,1.928353783238677,7.054509479350216,6.777862048787462,6.84702390642815,6.881604835248495,6.916185764068839,723649.6068158569,5004895.108833841
600030,模拟股票31,教育,47435267264.016266,33204687084.811382,15.048090705210827,0.7135394151505913,2.62293928111824,1.5738270018915272,0.03084572715037776,8.12878804935482,9.58583290314359,9.209917887334036,9.303896641286425,9.350886018262619,9.397875395238813,1556921.3782855337,14631753.113310918
600031,模拟股票32,银行,269812925720.00784,188869048004.0055,25.74717474245222,1.8919863434629707,4.0354892153071145,-3.1032070694570537,2.2612485509424634,5.0012674441734974,26.070089515638504,25.047733064044838,25.303322176943254,25.43111673339246,25.55891128984167,238708949.84185132,6101140873.099142
600032,模拟股票33,电网设备,20162799950.80397,14113959965.562778,26.14338733259038,1.578698612353385,5.8939404594247975,-1.8680985594617814,0.14769925389285404,1.1524715648846056,15.558328988273072,14.948198439713344,15.100731076853275,15.176997395423243,15.253263713993208,1952389.0525754183,29780305.091246203
600033,模拟股票34,电力行业,5836078955.69637,4085255268.9874587,16.227491586444216,2.3627825005119885,3.320733946911001,-2.486985032766217,3.2539916119879564,4.166269188016274,15.889241484306716,15.266133975118215,15.42191085241534,15.499799291063903,15.577687729712466,12190867.026120538,189905519.6873542
600034,模拟股票35,保险,6405412568.059239,4483788797.641467,6.871600392167566,1.0118415204813151,3.7448862583589677,-0.6065779573016822,3.9096783143324982,1.681066828326479,19.249412335314833,18.494533420204444,18.683253148982043,18.77761301337084,18.87197287775964,13269997.140154328,250431026.11694047
600035,模拟股票36,半导体,4069386392.836144,2848570474.9853005,32.277048137134045,1.4471711843763198,1.234176073902419,1.1761256691977875,0.7066046310390545,3.388172517513901,167.8365733326881,161.25474692748463,162.90020352878548,163.72293182943594,164.54566013008636,174750.72076602103,28754472.706653323
600036,模拟股票37,有色金属,12312648109.396587,8618853676.57761,-1.0,1.787401656484377,2.0169268664864766,5.440999727636722,0.47836268134163873,10.387809067710492,6.527429879651991,6.271452237312697,6.335446647897521,6.367443853189932,6.399441058482344,9203790.31574959,58899113.6402701
600037,模拟股票38,中药,27229181560.09667,19060427092.067665,12.263995353056343,1.8175235443587046,0.2196388041715127,0.6114681825824013,3.4503717076171627,3.674999259390015,8.786003129754253,8.441453987410949,8.527591272996775,8.570659915789687,8.6137285585826,109070998.74062926,939507976.765285
600038,模拟股票39,食品饮料,1383939328.6917856,968757530.0842499,21.06062974217831,1.8514203932164361,2.2405386069653503,-0.4915957903889041,0.8622374732563748,1.4243857046101482,10.697634713484685,10.278119626681363,10.382998398382194,10.43543778423261,10.487877170083024,1137774.9096024954,11932843.499113288
600039,模拟股票40,医疗器械,241913926721.45453,169339748705.01816,16.753470900659384,1.6457148817780365,1.5808859239573156,-2.4816928306569688,2.7411954351929455,2.626661331608606,16.08645278037787,15.455611494872855,15.613321816249108,15.692176976937235,15.771032137625362,420475556.6101456,6631333516.384519
600040,模拟股票41,游戏,16176091659.33778,11323264161.536446,12.103992544769806,0.7720554631548333,0.11092691642978825,-0.5042123676165904,5.171045681111204,3.5663770688437015,20.0670123041874,19.280070645199658,19.476806059946593,19.575173767320063,19.67354147469353,42517667.20286473,836473089.122776
600041,模拟股票42,影视,22763944302.01342,15934761011.409393,13.182786617834319,1.1198061367749623,13.700422602007624,4.577489871752493,2.6719684641690336,7.404302289503498,6.061841078093769,5.824121820129307,5.883551634620423,5.91326654186598,5.942981449111538,102346846.97555862,608245412.9508022
600042,模拟股票43,电力行业,396279316309.6566,277395521416.75964,12.366868836627335,1.547917403293351,1.0898838365418335,-5.738119551192657,1.752487412013286,5.042721502463991,4.202822245686685,4.038005687032305,4.0792098266959,4.099811896527697,4.120413966359495,1685448401.893203,6944745134.739045
600043,模拟股票44,教育,25562580813.693546,17893806569.58548,9.096230307626604,3.430079731838839,6.747545903867795,-0.8466635669616328,3.3272954459921724,13.092826404660503,11.71551151973151,11.256079695428312,11.370937651504113,11.428366629542012,11.485795607579911,74051691.00613187,850542587.2920941
600044,模拟股票45,游戏,116277735601.15979,81394414920.81184,13.374211586006071,1.8284466199100144,0.16404597220231487,0.6560492768284226,0.07503381559151227,2.2929390016177384,33.30854586635593,32.00232838140079,32.32888275263957,32.492159938258965,32.65543712387836,2671764.0120383846,87247621.70496047
600045,模拟股票46,食品饮料,7176783979.88642,5023748785.920494,49.88597962106152,1.8682149306814957,7.240429207186089,1.8685497970424962,1.197653654799729,0.41488903293926593,8.668972313219848,8.329012614662206,8.414002539301617,8.456497501621323,8.498992463941027,10113318.254706899,85953015.63219117
600046,模拟股票47,半导体,1905090918.5126617,1333563642.958863,27.696196297515588,0.8925741671844227,0.3013478034961732,4.653455926567569,2.226882567038204,2.202929581270545,34.53399098057504,33.179716824474056,33.5182853634993,33.687569633011925,33.85685390252455,1253044.2926778584,42424137.55058646
600047,模拟股票48,工程机械,17653372797.132233,12357360957.992561,25.74467166254472,2.8202778309832905,1.635037173566149,-1.1697311730293343,2.039757621642969,4.904954432578372,37.98675287183597,36.49707628862671,36.86949543442903,37.05570500733018,37.24191458023134,9668837.415187329,360086017.1065513
600048,模拟股票49,医疗器械,72606295814.60814,50824407070.22569,6.991927771565004,2.350023725584391,1.0702565360627794,-1.4601434881282482,1.4430500561446422,2.919271426059256,11.13552413403907,10.698836913096361,10.808008718332038,10.862594620949876,10.917180523567716,95972141.3651999,1047745192.5172478
600049,模拟股票50,游戏,109846437564.21468,76892506294.95027,7.228059007153113,1.6124921806090777,1.5364674184267437,1.2093579812567314,0.7972320642009996,3.0104588218729784,12.364671275697134,11.87978220606195,12.001004473470747,12.061615607175144,12.122226740879542,72241762.20786572,875731021.6444508
600050,模拟股票51,教育,30724367654.476227,21507057358.133358,5.826896906667954,0.8141173492112175,2.990570294099289,-2.2573401009806062,0.3970659630792442,6.221991683173368,41.25257635149771,39.634828259282116,40.03926528233601,40.24148379386296,40.44370230538991,3016440.122273264,121996006.32725382
600051,模拟股票52,影视,182735023787.56665,127914516651.29665,29.06875809336842,1.3344382353481998,1.0581155016288466,-0.23029172708499607,1.5913137903744876,2.2934365930928156,10.289405573436307,9.885899472517236,9.986775997747003,10.037214260361887,10.087652522976772,288262073.53517747,2907887633.375648
600052,模拟股票53,工程机械,6468478696.737734,4527935087.7164135,9.789136637454257,1.5828391977025964,4.016235609565299,2.5540627938015295,1.9771873807345928,4.138071720642925,12.852134322558829,12.348129055007501,12.474130371895333,12.53713103033925,12.600131688783165,10150206.972142769,127893944.51740393
600053,模拟股票54,有色金属,5852502357.502755,4096751650.2519283,19.665814758254786,1.6864463774315892,3.567326442011773,0.7574393650307549,0.12873864426237588,0.47958770662408406,51.64462776245149,49.61934824235536,50.12566812237939,50.378828062391406,50.631988002403425,148807.74956169972,7534432.190472634
600054,模拟股票55,医疗器械,54472092266.8491,38130464586.794365,26.645548442398884,1.0326131481862737,0.2769634718641267,0.779764407407188,2.674286284991739,5.511086250057753,3.295405931543631,3.166174326385057,3.1984822276747003,3.2146361783195223,3.230790128964344,450892702.556127,1456739692.6403913
600055,模拟股票56,工程机械,2140117642.5110168,1498082349.7577116,16.283132294112505,0.7087305914872711,1.0966667144336724,6.518526886119917,1.7550993285906604,4.004779428044897,9.789578601176459,9.405673557993069,9.501649818788916,9.54963794918684,9.597626079584764,3913591.763556827,37561190.37476113
600056,模拟股票57,有色金属,7664950609.749654,5365465426.824758,51.895024046125485,1.161546955071823,2.5955615290546543,-4.195702721457423,1.6915634424028392,0.32202901387466054,4.110574675781021,3.949375668887648,3.9896754206109915,4.009825296472663,4.029975172334335,32173275.727069918,129657502.39275865
600057,模拟股票58,家电行业,34531389882.56771,24171972917.797398,40.98805179467681,1.6217026693601273,0.2299801944815607,0.43561218085637454,0.010628202510924412,11.074708761254556,23.518562215742367,22.596265658262272,22.826839797632296,22.94212686731731,23.05741393700232,159170.75768269366,3670066.04655616
600058,模拟股票59,家电行业,32782335597.095177,22947634917.96662,22.748565559865664,0.8455549577598912,3.6686843960302213,-2.2897774696275506,0.4141559642921417,2.1254548879340955,19.19194733075147,18.439321945231807,18.627478291611723,18.72155646480168,18.81563463799164,7215807.5303766355,135769998.10963556
600059,模拟股票60,游戏,990140680.9386221,693098476.6570355,36.32462200271218,2.2382218982059863,0.22834319945495685,0.03239449442909979,0.7732146545468653,2.703342671330432,22.901545243903946,22.003445430417514,22.227970383789124,22.340232860474927,22.45249533716073,340982.7162051062,7655912.845647547
600060,模拟股票61,家电行业,4082848306.0679617,2857993814.247573,-1.0,1.4136539161346624,11.503003278488311,-1.7306756085694461,0.5877776685868028,3.4324240530610544,27.794464291623182,26.704485299794822,26.976980047751912,27.113227421730457,27.249474795709002,880680.114580448,23998070.585342035
600061,模拟股票62,游戏,13328490036.189976,9329943025.332983,10.866763256571174,1.5139424603465599,4.754953791116885,2.0518849124233527,2.7406414477546717,14.108175882216909,14.117700319088451,13.564065012457531,13.70247383911526,13.771678252444126,13.840882665772991,26391822.769727487,365286122.29167414
600062,模拟股票63,证券,11948775194.91302,8364142636.439113,21.156641444411836,1.5491851853573848,2.1360678604966745,0.34118838063894175,3.172100222063736,0.6755393192010688,11.290050959134653,10.847303862697999,10.957990636807162,11.013334023861745,11.068677410916326,34243217.18129777,379027124.4917325
600063,模拟股票64,保险,26818531449.95411,18772972014.967876,15.602159146543205,0.6816474974496208,5.243006668235831,-0.7503678032235339,0.9966254993948899,1.4193586974532113,16.583784275096637,15.933439793720298,16.096025914064384,16.177318974236425,16.25861203440847,16439307.514554707,267280322.99348077
600064,模拟股票65,家电行业,104479779675.03198,73135845772.52238,66.60833536676877,0.8765090031876167,1.097667652344967,-7.0187790075446586,0.13788384355014222,0.780299515256027,21.52614105793335,20.681978663504594,20.893019262111782,20.998539561415377,21.104059860718973,6826209.596609176,144060735.94865438
600065,模拟股票66,医疗器械,1615323971.8737612,1130726780.3116326,39.89505677716471,2.021320976682465,1.9060346451225705,-1.462185071763443,4.486606661072891,1.1206876541874013,33.70560929672954,32.38382069685779,32.71426784682573,32.879491421809696,33.044714996793665,2193186.8054249357,72473232.91999535
600066,模拟股票67,食品饮料,27198062659.862064,19038643861.903442,16.260277458098834,1.390789409353803,3.129968892468101,-0.11643684816007958,0.2172116201881124,2.3067259819917107,46.223094964122495,44.410424573372595,44.86359217106007,45.090175969903804,45.316759768747545,1303653.501811195,59077352.56326441
600067,模拟股票68,有色金属,102296693699.29921,71607685589.50945,15.382299496881542,2.231771013321391,3.1827404299792366,1.2403047096711026,2.0496884174747816,0.8702510977782297,5.942146121005604,5.709120782926953,5.767377117446616,5.796505284706447,5.8256334519662785,359920255.7975025,2096763482.2141907
600068,模拟股票69,食品饮料,247796693539.43686,173457685477.6058,18.780450985764194,1.8786798937664115,0.6448259664673116,-1.81518922797571,1.9087655328434865,7.286228091442956,3.2421451747623755,3.115002226732478,3.1467879637399525,3.16268083224369,3.178573700747427,1488044111.3240097,4729857877.806574
600069,模拟股票70,生物制品,581751206695.4867,407225844686.84064,-1.0,1.7361820405180588,5.141733806351741,2.177299871696076,2.3857414810519164,7.672408073536879,13.562633342807565,13.030765368579818,13.163732362136754,13.230215858915223,13.296699355693692,1043798876.9529659,13879079854.654299
600070,模拟股票71,生物制品,90456663345.59999,63319664341.91999,30.067805401190206,1.2827836539124473,0.5154729788747648,-3.70483318061224,3.6340411915143633,0.7739644821967611,8.360274261442887,8.032420368837284,8.114383841988685,8.155365578564385,8.196347315140086,401060653.00289136,3287232406.4485784
600071,模拟股票72,有色金属,2853028808.388432,1997120165.8719022,18.268810487478085,1.3899219187741516,4.059519777665447,-6.9622121219343915,5.047850952306083,1.2755313326723703,24.57180920453497,23.608208843572815,23.84910893381335,23.969558978933623,24.09000902405389,5978272.6411601445,144016641.87380236
600072,模拟股票73,影视,52363290476.03355,36654303333.22348,19.626976421789216,1.9910760914951655,0.4523462364478876,3.116478435335787,0.06893271936131488,0.9754755612996374,3.654616579750242,3.5112982825051344,3.5471278568164113,3.5650426439720495,3.582957431127688,10074202.880170355,36095440.07219433
600073,模拟股票74,影视,5207452978.465808,3645217084.9260654,17.092961757753724,1.059068381714898,0.22303359412625784,0.4747679428601025,1.8096386481778914,0.20829615248476252,12.433095652051065,11.945523273539258,12.06741636816721,12.128362915481185,12.189309462795162,7731043.499358206,94236081.68400799
600074,模拟股票75,游戏,14129785296.076622,9890849707.253635,14.49704937470575,2.8732187229746042,1.4529536794689508,-3.5325850958248095,1.0241964025498427,0.6024152586258765,1.480413649538666,1.4223582123018557,1.4368720716110581,1.4441290012656596,1.4513859309202608,99709353.38933235,144716752.6904334
600075,模拟股票76,医疗器械,20145231378.154903,14101661964.708431,27.337988310763198,1.4655833225267827,1.869422740924929,-6.522970692259941,0.5857606239522306,0.6548900728764416,33.03492397930724,31.73943676443244,32.06330856815114,32.22524447001049,32.38718037186984,3643504.3638375225,118002833.0173007
600076,模拟股票77,生物制品,17210739413.218403,12047517589.252882,18.574560182713615,1.0112112567741882,0.2618500837121783,2.1328799046104745,0.5572390328228946,5.319752999926693,21.98150397709267,21.119484213285112,21.334989154237004,21.442741624712948,21.550494095188892,4450244.037295532,95904957.84788695
600077,模拟股票78,白酒,28899083281.010185,20229358296.707127,17.02212997340767,1.080028575331803,0.9788687513562986,-2.1479274207786165,2.6628898548847464,5.654153540309959,14.947705240057585,14.361520720839641,14.508066850644127,14.58133991554637,14.654612980448613,52512526.797630675,769550756.8447142
600078,模拟股票79,教育,24206336563.839916,16944435594.68794,9.4813987624926,1.0034052924997712,1.1938495202713444,2.269054707862144,1.7846355002866106,1.5799081178394334,6.467297343896136,6.213677840213934,6.277082716134484,6.3087851540947595,6.340487592055035,68132753.09906097,431994875.6371452
600079,模拟股票80,中药,1782253168.8035505,1247577218.1624854,22.796578988112287,1.5861580242861606,3.6056362593315905,-0.09287475190972005,3.2174289078598006,1.6612698577758218,27.03847304725496,25.97814077089202,26.243223839982754,26.37576537452812,26.50830690907349,2163198.459298998,57342728.66433276
600080,模拟股票81,游戏,23549805475.015453,16484863832.510817,7.198689275684822,1.2851278386884273,4.503467717905979,-3.8653421392719745,8.321248326374468,0.9536294151867986,8.893211208334563,8.54445782761556,8.63164617279531,8.675240345385186,8.718834517975061,224759145.26352197,1959637793.9541662
600081,模拟股票82,电网设备,17264304399.30888,12085013079.516214,45.06237256971321,1.7344966635962298,1.7233398988006252,-2.037725750140318,1.3761795575252138,3.821068330497506,11.032500285133183,10.59985321512796,10.708014982629265,10.76209586637992,10.816176750130571,21965971.28364668,237587827.89221495
600082,模拟股票83,电力行业,7854538826.699279,5498177178.689495,13.630015500014276,1.147250867894469,2.5066516731034834,3.558534546972362,1.363519924012513,1.5544647604215787,24.418877668846058,23.461274623008954,23.70067538446823,23.82037576519787,23.940076145927506,4473594.870313812,107098201.84134334
600083,模拟股票84,石油行业,21826440506.73018,15278508354.711124,-1.0,2.028027423731687,0.21607068917960898,-1.8345534089758448,1.8484044379702311,1.021956575862438,6.953238878983228,6.680562844513297,6.74873185313078,6.782816357439521,6.8169008617482625,59182450.08390314,403440894.97733283
600084,模拟股票85,白酒,1799345993.1379838,1259542195.1965885,28.343002534308393,0.8175612240886081,1.6158994667256543,0.5545083710846217,2.6378105425100857,0.725986839732142,18.438796458125946,17.715706400944537,17.89647891523989,17.986865172387564,18.07725142953524,2625583.789008947,47463338.30322654
600085,模拟股票86,白酒,2338425216.4407797,1636897651.5085456,21.914227124324622,1.91522295947635,1.6072633131787641,-3.137738006571295,0.8443592371537386,3.661582741642529,5.369527737376748,5.158958022185503,5.2116004509833145,5.23792166538222,5.264242879781126,3750721.570006847,19744709.318950027
600086,模拟股票87,生物制品,1026936277.9043514,718855394.5330459,30.71192947226989,1.3165481712056182,4.016303909900475,2.788447522034309,1.7843217594469285,1.343429926739466,5.204782315940387,5.000673205511352,5.051700483118611,5.07721412192224,5.10272776072587,3590990.607677477,18323847.46230172
600087,模拟股票88,工程机械,40165994425.90345,28116196098.132412,36.821609085810074,2.1741728043906834,3.557767733074009,0.11922508773128163,2.575457729575248,7.010405992558509,34.768833324795374,33.40534966499947,33.74622057994845,33.91665603742293,34.08709149489742,30347505.836851582,1034458208.1026937
600088,模拟股票89,工程机械,15096118011.99257,10567282608.394798,32.82173146874862,1.739397974513142,0.08633880886052953,3.1594585599987104,5.164497342711352,10.62740976786676,5.232856971398187,5.027646894088454,5.078949413415887,5.104600673079603,5.13025193274332,151968874.78487372,779638613.5819261
600089,模拟股票90,影视,113563821207.977,79494674845.5839,5.0,0.9904186029277088,2.0563020373665517,0.23897357258276003,1.3119412792386325,1.7449900257462359,38.51450779274794,37.00413493813037,37.38172815178476,37.57052475861196,37.759321365439156,39457558.9505137,1489890648.708207
600090,模拟股票91,工程机械,67856077922.94032,47499254546.05822,22.314856003975088,2.873228896949662,2.7092242786799456,5.140721972466617,1.1131006807409787,6.278562336907955,13.957815734596263,13.410450411670919,13.547291742402255,13.615712407767923,13.68413307313359,55195784.87345246,755306465.2843777
600091,模拟股票92,证券,43272368581.431244,30290658007.00187,20.660224455234967,1.3405562234460715,1.6342182607129783,-1.3365075642023154,1.9750658152562308,1.6412087274570726,38.37017938729782,36.86546647014888,37.241644699436115,37.42973381407973,37.61782292872335,22719490.19811421,854657759.3035262
600092,模拟股票93,食品饮料,131300898275.44678,91910628792.81274,19.97899729261316,1.5622559499027997,0.8810061971632714,2.2321148119474836,1.7788523469960953,0.9741406373194624,17.875899574070658,17.17488390449926,17.35013782189211,17.437764780588534,17.52539173928496,133272291.16163744,2335649110.5997405
600093,模拟股票94,石油行业,3550988979.7980747,2485692285.858652,17.029133425245867,1.2719857443412688,2.2201951280058205,0.7304872164236995,8.071832286103447,7.021607614435873,23.600986049762145,22.675457185065593,22.90683940123973,23.0225305093268,23.13822161741387,12387722.776913771,286629874.9473164
600094,模拟股票95,证券,59713705799.47523,41799594059.63266,22.195095142219454,2.0076813632616366,2.3395555571804847,0.22188889222070418,0.38845154004673454,0.7472546958615203,3.5389651615723765,3.400182214059734,3.434877950937895,3.452225819376975,3.4695736878160552,66855132.839978874,231958809.79703778
600095,模拟股票96,游戏,32147162431.279236,22503013701.895462,41.120598562855484,4.4847344493676315,1.8612669868679244,-5.492446122581054,0.6028410092353264,16.8274159377632,18.092532042541304,17.38302098204949,17.560398747172442,17.64908762973392,17.737776512295397,10925624.094254911,193796278.44124344
600096,模拟股票97,保险,1717237914051.1147,1202066539835.7803,13.155942506765344,1.2442736858591417,1.9249324607270926,5.387633019286565,0.19189180594202748,6.297974433874271,42.85433421029397,41.173772084400085,41.593912615873556,41.803982881610295,42.01405314734703,78431824.56206235,3295238845.5938854
600097,模拟股票98,保险,11312731790.63893,7918912253.44725,-1.0,0.8148546731327171,4.779628796746383,-0.5627359928107549,5.364457573228386,3.986484735141188,11.758596796187545,11.297475353199799,11.412755713946735,11.470395894320204,11.528036074693672,52642678.540374994,606866697.2819452
600098,模拟股票99,证券,1077447081.582889,754212957.1080223,9.446042018440235,1.627018519617696,0.21129861808889636,-1.5528338971085143,0.4973925223608329,5.715595869132614,52.219130796948924,50.171321746088175,50.683274008803366,50.93925014016096,51.19522627151855,104680.48696114008,5359141.216188313
600099,模拟股票100,生物制品,20761427842.319107,14532999489.623375,34.622261151123844,1.6725640694953725,2.117605227278361,6.050662632560748,3.99746219237111,3.971761130938798,19.212028797816583,18.45861590378456,18.646969127292564,18.74114573904657,18.83532235080057,44062438.281436704,829930228.5931153
600100,模拟股票101,教育,60154116118.7797,42107881283.14579,25.86811047633344,2.2891781632562607,2.9889491609299594,4.1464769731125815,2.27974858345773,0.518082526383837,18.645817387704167,17.91460886269616,18.097410993948163,18.18881205957416,18.280213125200163,75018961.79858583,1371362610.1093981
600101,模拟股票102,电网设备,39270741024.05711,27489518716.839977,37.49184928433596,1.5874018936010665,0.01289613181004185,1.9166731378103194,4.78723766356759,0.003362217821449503,8.054921956742907,7.739042664321616,7.818012487426939,7.8574973989796,7.896982310532262,238063557.8426462,1879983705.065751
600102,模拟股票103,证券,15495228555.546038,10846659988.882225,-1.0,2.7493946083981706,0.8458183567796378,0.13930964446844643,1.9983314981781268,0.9025190910303511,14.478747458222122,13.910953440252625,14.052901944744999,14.123876196991187,14.194850449237373,21813969.37202702,309646032.940168
600103,模拟股票104,半导体,9353471469.713757,6547430028.799629,22.908091679528617,2.044613843170562,1.045890224972778,0.526637489671524,2.002727394690046,0.2107429508733249,12.912113057903326,12.405755683083587,12.532345026788523,12.595639698640989,12.658934370493457,14797812.358922357,187324535.47847506
600104,模拟股票105,游戏,27390149174.483963,19173104422.13877,17.45464146579349,3.4512014473715733,0.14916392799064568,-2.2196228293901625,1.8047552355093497,1.4516371982221983,62.559881261533846,60.10655258461095,60.719884753841676,61.026550838457034,61.3332169230724,8059664.502195131,494325151.24032027
600105,模拟股票106,电网设备,7566035315.384409,5296224720.769086,39.490175330348606,1.5758633601314247,7.219600984361158,0.2668568178291063,0.21560169211732977,5.2447341433514385,4.663912028913254,4.481013517975478,4.526738145709922,4.549600459577144,4.572462773444366,3567552.3179548113,16312500.166163532
600106,模拟股票107,电网设备,85309471006.48265,59716629704.53785,23.24942564442689,1.3156996109681622,2.6569877360578573,-3.4408758862003177,5.751136865599309,1.6327714280806502,10.400692646262067,9.992822346408653,10.094789921372007,10.145773708853683,10.19675749633536,481159274.2756561,4906264436.901578
600107,模拟股票108,家电行业,8862974096.52902,6204081867.570313,50.88283749817211,2.625822507652226,3.424448832094682,1.2083048759792807,0.4471851630981773,2.4817524598710414,5.908174331967628,5.676481220910074,5.734404498674462,5.763366137556657,5.792327776438851,6842483.142982563,39633905.16891251
600108,模拟股票109,工程机械,41771311731.89766,29239918212.32836,24.671166358200672,1.979216951931338,3.6842301097250907,1.822542981448513,1.9681775008471276,0.42208195778274743,17.952795625381892,17.248764424386525,17.424772224635365,17.51277612475979,17.60078002488421,46710063.88089524,822133559.3159263
600109,模拟股票110,保险,11646157401.380848,8152310180.966593,-1.0,0.9641485792384851,2.2802940356514743,1.8184952718343685,1.6347589628076777,0.7667683518265087,3.970540379426455,3.8148329135665935,3.853759780031559,3.8732232132640414,3.892686646496524,48908792.10971526,190386601.94176316
600110,模拟股票111,证券,5728807271.887407,4010165090.3211846,36.50507682488125,1.375857911654623,2.2908552587297835,2.3574004759524967,0.6896694301489164,4.540351916092712,1.7872876047221644,1.7171978947330597,1.734720322230336,1.743481535978974,1.752242749727612,22548150.062254447,39509832.46635556
600111,模拟股票112,生物制品,28095270419.026463,19666689293.318523,13.841031000023117,1.9634155550585577,0.2711700264532737,0.14281065544305396,1.3169365375467044,0.7084948130467748,9.593805765558349,9.217578088477628,9.311635007747809,9.358663467382899,9.405691927017989,39337550.53234191,369996881.4707105
600112,模拟股票113,银行,10654354121.050962,7458047884.735673,20.412174323204585,1.1612215748807047,1.0793697277092065,-0.5370359013524563,0.0675336914110481,0.42716551777398415,12.806217738861644,12.304013121651383,12.429564275953949,12.49233985310523,12.555115430256514,573095.3788454207,7195278.6339508435
600113,模拟股票114,医疗器械,4951048035.732853,3465733625.0129967,34.868426043374015,2.0565084839334724,0.10513890658805486,0.3983420947924657,0.26528064629673975,6.796483672476279,16.46629363659889,15.82055663124207,15.981990882581275,16.06270800825088,16.14342513392048,813592.661947352,13134172.227654152
600114,模拟股票115,中药,224839113024.67477,157387379117.27234,24.89720223742554,2.3586213816016137,1.036706872866084,3.952182196902977,3.3729091386958467,1.806182915805139,20.654641593274565,19.84465564844027,20.047152134648844,20.14840037775313,20.249648620857418,374506201.69086325,7583618990.571939
600115,模拟股票116,保险,19961677571.991505,13973174300.394053,-1.0,1.5086798831565122,3.225884221876803,-0.8949104836543403,1.7992539351899912,2.8693234023127903,4.702938202110569,4.518509253008193,4.564616490283787,4.587670108921584,4.610723727559381,77896939.93097083,359161269.2439951
600116,模拟股票117,石油行业,381038208868.70703,266726746208.0949,27.486673654071105,1.3106458073206921,2.6875405133537966,-0.28988671986966263,2.5402378794579326,0.7780798370601202,133.19455896658602,127.97124292868067,129.277071938157,129.92998644289517,130.58290094763333,74123616.84913509,9679276916.890932
600117,模拟股票118,中药,4188552359.028185,2931986651.3197293,19.92290891115324,1.398044888675477,0.5690660871661065,3.3937583711932136,3.6708260160391664,2.972758512063825,4.015789019646259,3.85830709730719,3.897677577891957,3.9173628181843405,3.9370480584767242,39053236.69077022,153754469.69062883
600118,模拟股票119,工程机械,9828572100.455973,6880000470.3191805,129.40156251614604,1.8945115625105766,1.8038453816665143,0.22984831637538183,1.0067574082246742,2.7956503585667725,8.9552363775171,8.604050637222311,8.691847072296008,8.735745289832856,8.779643507369705,11270375.34735717,98949877.74404398
600119,模拟股票120,有色金属,11455545742.822855,8018882019.975998,34.13065528773033,2.270952385766071,0.5914022473750614,4.130410478636788,1.9508429153991511,0.42319688910798126,14.34243048699958,13.77998223260744,13.920594296205476,13.990900328004493,14.06120635980351,15893352.022983298,223479702.54416874
600120,模拟股票121,生物制品,47605059644.543396,33323541751.180374,54.37848403892026,2.746308903117907,1.1664183987282672,1.1357066042847483,0.1432772787205583,1.7243083723187023,1.540226052375036,1.4798250307132697,1.4949252861287112,1.502475413836432,1.5100255415441528,45169589.59664464,68207233.99200046
600121,模拟股票122,有色金属,150024531803.1796,105017172262.22571,59.30527479247293,1.8354445675555888,0.935454157235124,5.15029644094316,1.018473593697452,1.5158220690916573,7.021026150945938,6.745691792085313,6.814525381800469,6.848942176658047,6.883358971515626,221978869.154805,1527960240.48362
600122,模拟股票123,有色金属,148983006203.72678,104288104342.60873,18.352174839160202,2.455227522508062,1.0045146395733187,-1.7699357712433323,0.315078153837102,1.7904244190827492,59.18274712479951,56.86185508068973,57.44207809171717,57.7321895972309,58.02230110274462,8090215.254415563,469412905.4777175
600123,模拟股票124,生物制品,140971056034.83698,98679739224.38588,33.45271821374731,2.3136621233347148,1.6091354240882318,1.0879668667535067,3.7179849813523003,6.081031879587008,33.04278904237869,31.746993393657956,32.07094230583814,32.23291676192823,32.39489121801832,161793495.651985,5241282691.428974
600124,模拟股票125,工程机械,104117770064.5246,72882439045.1672,16.56059566423029,1.3765742536440293,0.13270258977585292,1.8877469156807547,0.3969273348602409,0.2781740033058992,4.61785037925268,4.436758207517281,4.48203125045113,4.504667771918055,4.52730429338498,91284319.1116795,413271889.83303124
600125,模拟股票126,银行,6136592389.632404,4295614672.742682,20.19782754847886,2.3786451713986794,1.5162306727300237,6.265124114342182,1.4496721373955421,0.45125236262837154,16.395278679954444,15.75232657485819,15.913064601132252,15.993433614269284,16.073802627406316,5534500.585838722,88960470.05803625
600126,模拟股票127,半导体,12037544390.15608,8426281073.109256,20.870022116188142,1.7301982088843006,0.4429825098169071,-2.43021925262847,0.339593864264628,0.8019184102900148,20.081479926689173,19.29397090995626,19.49084816413949,19.589286791231103,19.687725418322717,2076357.795962375,40878762.15710098
600127,模拟股票128,有色金属,33724980169.62627,23607486118.738388,11.58491843027945,1.7509658711603642,1.718781531528849,0.6032971401449025,1.923869711101883,0.09257495320171559,16.639367590116063,15.986843370895823,16.149974425700883,16.231539953103415,16.313105480505943,39773216.652948,648824678.5585563
600128,模拟股票129,生物制品,71764971939.46198,50235480357.62338,22.384914643299965,2.227090687696497,7.070268647619123,2.9710602331125213,1.7216422153907167,1.2857728862717401,18.62592628632957,17.895497804512726,18.078104924966937,18.16940848519404,18.260712045421148,67660891.3003964,1235536052.7730794
600129,模拟股票130,证券,13480003796.404003,9436002657.482801,24.465340590424844,1.8893635146912253,3.3528169646316464,-5.054356184461386,4.215938201916679,3.3041889515169207,39.1714383084802,37.63530347285353,38.01933718176019,38.21135403621353,38.403370890666864,14798404.8403035,568308629.672415
600130,模拟股票131,家电行业,3657689002.4777846,2560382301.734449,16.142870706901952,2.2281023766807,5.079499149250951,-2.6974848810061176,2.0943635625174335,1.1941932085105942,3.8364174630085763,3.6859697193611813,3.72358165527303,3.7423876232289546,3.761193591184879,20367286.03325343,76605305.6981021
600131,模拟股票132,银行,2182303634.2932177,1527612544.0052524,7.4913990613035555,1.1089826463365917,0.6780266218299448,4.926045480409107,0.9344208011013524,2.898731190445255,2.2190752086493406,2.132052651447405,2.153808290747889,2.164686110398131,2.175563930048373,9373155.539296519,20391899.10202661
600132,模拟股票133,石油行业,67500873667.69992,47250611567.38994,29.17867465171955,1.6876897617353128,4.696029553692711,0.5129129147046575,1.2951834373448603,1.5044349578442526,3.371183714770619,3.2389804318384376,3.272031252571483,3.2885566629380056,3.3050820733045283,264519947.28621486,874260135.8071275
600133,模拟股票134,家电行业,53504484693.5822,37453139285.50754,36.148900763741146,1.4795826330875455,5.675640614561365,0.38792092549902124,0.1478965514690238,1.4344679516095447,34.098689676547096,32.76148615981975,33.09578703900159,33.262937478592505,33.430087918183425,2367067.892155867,79131287.74307975
600134,模拟股票135,白酒,26245278395.05764,18371694876.540348,12.776675047595978,1.4736318046606043,1.663206372248529,-2.9528171258775107,0.7342875743225572,4.8740490598962705,6.19253499952308,5.949690489737861,6.010401617184166,6.040757180907318,6.0711127446304705,31743080.092148896,192715818.1012709
600135,模拟股票136,保险,4280298652.184479,2996209056.529135,22.155515837525076,1.8710130655938697,4.331472922412337,-1.6209665494124645,1.4783028282483939,1.0498568717445942,11.783382827528431,11.32128938331163,11.43681274436583,11.49457442489293,11.55233610542003,5477314.324592221,63275776.03272104
600136,模拟股票137,游戏,32063745534.334644,22444621874.03425,46.453361084569465,1.5999019294541077,1.997528124984028,-1.2882166233757588,6.048401040249465,2.7609852682614737,13.73547949539644,13.196833240675012,13.33149480435537,13.398825586195548,13.466156368035726,144016144.2833836,1939343918.4416382
600137,模拟股票138,中药,35387198252.96804,24771038777.077625,40.30233861501767,2.2164348375165477,3.6735889131753408,-2.5718232592251775,1.6267331241113303,3.949835539433474,10.143217774984727,9.745444528906894,9.844887840426352,9.894609496186082,9.94433115194581,57887782.18264971,575655275.6759771
600138,模拟股票139,白酒,3034253709.563839,2123977596.6946871,13.408725147229088,1.8433741415414817,2.4444801726634355,-3.7134628322613477,0.36787982984631584,4.0053639142455975,73.54953542706937,70.66523992012549,71.38631379686146,71.74685073522944,72.10738767359743,154802.5485873504,11162407.383848976
600139,模拟股票140,证券,601540088264.8059,421078061785.36414,6.453931310934223,1.0774954732133768,0.5772657733875324,2.2027328691089356,2.0320055345280448,0.18069817832378665,6.87413002026098,6.604556293976236,6.671949725547422,6.705646441333014,6.739343157118608,1813726887.1721618,12223327885.945742
600140,模拟股票141,证券,1952612534.286199,1366828774.0003393,54.782321506014824,2.3849373910979397,1.4617050736929385,-1.237573957551436,0.03189516229049565,1.251505084533573,48.74680823069998,46.835168692241155,47.313078576855865,47.55203351916322,47.79098846147057,13031.514031504916,622788.9367151433
600141,模拟股票142,石油行业,23369761205.372025,16358832843.760416,14.577962785724468,1.4167264644891226,0.22387717765976983,-1.7450427418459311,4.492237024931178,0.7710954902868998,10.558575139622832,10.144513369441544,10.248028811986865,10.299786533259526,10.351544254532188,101417241.68798128,1049825065.5057249
600142,模拟股票143,中药,3239049138.5209317,2267334396.964652,42.22996216199218,1.5128979709561468,2.7686478886191517,-1.8056616336037008,0.6325676245678966,2.695440789690303,14.537574808922777,13.967473836023846,14.109999079248578,14.181261700860945,14.252524322473311,1437582.2647656556,20489176.194128778
600143,模拟股票144,保险,745881486.3725097,522117040.4607568,25.139339800754424,2.177111852906373,3.279363810482028,0.2893011563804698,1.2517458559648178,9.483610281886005,58.97047514063448,56.65790748806057,57.23604940120405,57.52512035777579,57.814191314347525,161492.19393750586,9336540.596076678
600144,模拟股票145,半导体,5344585455.045247,3741209818.531673,13.388662091344797,2.0321842101045267,1.31687034638259,-0.900281883712152,0.002474890157716451,1.073683240225222,33.75454721870694,32.430839484639996,32.76176641815673,32.9272298849151,33.09269335167347,3997.0339673476865,132272.61939765982
600145,模拟股票146,生物制品,6662876212.273613,4664013348.591529,8.634049102887085,2.6784521722010286,1.8399173882457156,0.5761473494700948,1.9541296972434616,0.40991200568672137,13.91790524359239,13.372105037961315,13.508555089369084,13.57678011507297,13.645005140776853,9542044.243392363,130201242.75460897
600146,模拟股票147,教育,9334714668.029795,6534300267.620856,16.869653415410905,1.4005580517244154,1.0451394800035632,-3.571945716536102,0.5463892672316016,2.138361853311707,3.63511677231938,3.4925631734048945,3.528201573133516,3.5460207729978266,3.5638399728621373,14311495.314377813,51003879.07280883
600147,模拟股票148,保险,2835916024.6607447,1985141217.262521,5.519380602099921,2.3037298634615375,1.717731282301974,-1.1545256458413768,9.69652653072047,8.003398381766562,12.740885192587811,12.241242636015741,12.366153275158759,12.428608594730267,12.491063914301776,22014565.901414927,274985349.72018236
600148,模拟股票149,电力行业,29766194338.21014,20836336036.747097,48.70042059174442,2.543227542197578,1.900789253107959,1.3019022673951426,0.4764699394078022,5.123385757583522,7.080555102182676,6.8028862746461,6.872303481530244,6.907012084972316,6.941720688414388,20431096.91290018,141826968.1272785
600149,模拟股票150,有色金属,2498138099.1011844,1748696669.3708289,16.251583756492863,1.6674115650485986,2.560887786340311,-0.07508087623543175,3.4573503508198753,2.7961396494749717,12.335822525216482,11.85206477912956,11.97300421565129,12.033473933912155,12.09394365217302,7141540.329379742,86369386.33323976
600150,模拟股票151,石油行业,50605706965.16437,35423994875.61506,5.0,1.6914441907675044,0.39565527761315256,-0.560913908956338,0.05230175993762529,0.4356540969856908,7.630801346756408,7.331554235118903,7.406366013028279,7.443771901982967,7.481177790937656,3537902.2008700394,26467675.371658392
600151,模拟股票152,白酒,21332142211.060726,14932499547.742508,11.226596675152054,1.4197333075363265,4.767061263661809,0.1471602278230712,0.000665122825813078,1.3614376963180956,20.612540797081135,19.80420586386227,20.006289597166983,20.107331463819342,20.2083733304717,7021.096886938779,141884.9470806715
600152,模拟股票153,食品饮料,10499884816.149002,7349919371.304301,13.287183805830699,1.6079132455340572,13.179829941841664,-1.011257913354118,8.230596155313906,0.8200758508714411,13.995510408223142,13.446666862802624,13.583877749157754,13.65248319233532,13.721088635512883,62983567.77272179,864203115.9903483
600153,模拟股票154,保险,4677489761.050387,3274242832.735271,14.349669936954855,3.029715907140504,0.6498255386756784,-1.7784838121384685,0.5296128885879698,3.1989319998790338,36.54069898354043,35.107730395950604,35.465972542848064,35.64509361629679,35.82421468974552,691504.0246226669,24772588.636905484
600154,模拟股票155,家电行业,6933853670.986565,4853697569.690595,8.84518091163356,1.5069591903876152,1.1462129584573382,-0.949950087783684,2.6456206457185565,4.399974978510575,32.65670106645133,31.376046122668924,31.696209858614527,31.85629172658733,32.01637359456013,5729676.52697254,183443464.26353458
600155,模拟股票156,证券,10468879972.438269,7328215980.706788,10.720022284573567,3.319109914088057,0.5258609290306978,2.8057144841988806,1.9296398734833935,2.9770768437786903,23.453419053730894,22.53367713005517,22.763612610974103,22.878580351433566,22.993548091893032,8785581.131191779,202011682.25528613
600156,模拟股票157,影视,7076355677.609006,4953448974.3263035,-1.0,1.56997742290818,0.7726086495833657,-5.228472995200725,2.077425968626351,0.4848677984947001,8.772987067433105,8.428948358906316,8.514958036038013,8.557962874603861,8.60096771316971,17091803.548328705,147006050.4790147
600157,模拟股票158,白酒,14731262422.03742,10311883695.426193,31.168470802206908,1.0046927010452311,4.16086971606502,0.9631569999964917,0.9964563501645959,9.385884677411298,27.919497412789827,26.82461516130787,27.098335724178362,27.235196005613606,27.37205628704885,5362790.370018968,146790599.86380273
600158,模拟股票159,游戏,82343917210.49667,57640742047.34767,10.252346238296868,2.1622954127675733,0.09796029185939013,6.4719246397965104,4.640724186080744,3.2307337071487865,8.410437556726178,8.080616476070249,8.163071746234232,8.204299381316222,8.245527016398214,463445705.06580627,3821354081.7538238
600159,模拟股票160,生物制品,5982523820.570994,4187766674.399696,18.647764021868777,2.4362484685597234,5.352429543384495,-0.22745218745464008,0.07752707967976182,4.113711958169443,7.6624468897353335,7.361958776412379,7.437080804743117,7.474641818908487,7.512202833073856,617405.588253664,4638076.009234806
600160,模拟股票161,银行,4453435439.408703,3117404807.586092,43.78480305262503,2.664897414291802,2.7071225440712583,3.557112463988991,0.4096143102199993,0.9238438486607708,7.346964275159196,7.058848029074521,7.13087709059569,7.166891621356274,7.202906152116858,2532576.222843865,18241908.85622695
600161,模拟股票162,家电行业,43634358238.08199,30544050766.657394,-1.0,2.409461507071367,3.8137177962641937,-0.6340082566529774,0.5171332548680189,9.643644463963263,12.7774887142691,12.276410725474232,12.40168022267295,12.464314971272309,12.526949719871666,18012986.56443211,225647776.9973649
600162,模拟股票163,影视,12444933823.31547,8711453676.320827,19.22398309291445,1.0759385661277847,0.30247346139280923,-0.08301200278278416,1.4711415048173992,2.87524483811129,24.169832713056735,23.221996136074118,23.45895528031977,23.5774348524426,23.695914424565427,7726335.580113844,183082586.7218527
600163,模拟股票164,证券,8584736602.008444,6009315621.4059105,12.139616551593901,1.2996428528915571,1.4144230667968274,1.7383277186017847,1.157513081846666,0.8260461728225593,4.458286451533107,4.283451688727887,4.327160379429192,4.3490147247798445,4.370869070130497,22734483.146474093,99369449.21032669
600164,模拟股票165,工程机械,18522086684.97879,12965460679.485153,24.15385557961457,2.284837452411755,0.841854444697546,0.7976954394415449,3.748296255962151,7.537198629822696,15.848954941067632,15.227427296319881,15.382809207506819,15.460500163100287,15.538191118693756,44681049.192648135,694262681.739124
600165,模拟股票166,影视,2305820110.2321877,1614074077.1625314,28.885041525539513,1.9136229616955553,0.497940803690704,3.3743959337795753,0.11072566853582569,0.9413854032468991,44.66099365155767,42.909582135810304,43.34743501474715,43.56636145421557,43.785287893683986,58310.33333587814,2553134.7322881026
600166,模拟股票167,半导体,4474183123.206855,3131928186.244798,25.528941542989926,1.2705593575014817,4.2564244517396155,-4.475808439414124,3.6739701409556074,3.9592908559415294,12.73285559481428,12.233527924429405,12.358359842025624,12.420775800823733,12.483191759621842,13168118.792342776,164380151.9982949
600167,模拟股票168,电网设备,49530251561.23943,34671176092.8676,33.491781251364124,1.7595674285334115,5.241742745623798,0.6187426372135888,1.137617622057646,5.00998856565163,6.263614231244265,6.017982300607235,6.079390283266492,6.110094274596121,6.14079826592575,91757593.33061196,563464870.0101421
600168,模拟股票169,工程机械,2434404623.170788,1704083236.2195513,43.50124177683774,1.3921860583191583,0.5705021531539094,1.1840145894689433,1.9141496743295314,0.6248562019003502,47.262928273931884,45.409480106326704,45.872842148228,46.10452316917865,46.336204190129294,1005653.1168388885,46598148.166286685
600169,模拟股票170,中药,41565226498.70363,29095658549.092537,5.323141258289511,1.8082750436850368,4.4696248437459865,2.480983167351953,0.02218582751514014,3.4031426835428134,15.013388479552054,14.4246281470206,14.571818230153465,14.645413271719896,14.719008313286327,626508.8830037352,9221589.45727971
600170,模拟股票171,教育,49112761853.59337,34378933297.51536,30.982694748544507,1.4202980431948795,14.02186557677264,-6.2823618829913315,2.5607787424898194,6.519827038389042,6.462745671271756,6.2093046645552175,6.272664916234352,6.304345042073919,6.336025167913487,198494976.2771587,1257669165.3964682
600171,模拟股票172,保险,26796810436.218113,18757767305.352676,-1.0,1.1618224349942634,0.49117063065636335,-3.5423461879510176,1.0294234119122152,6.2206759343480105,8.9070885419195,8.557790952040303,8.645115349510101,8.688777548245001,8.732439746979901,31589412.38289886,275852640.27616507
600172,模拟股票173,石油行业,6625198680.05026,4637639076.035181,24.09650599569727,1.4952898474190357,1.6667386426905355,-0.9190603823139285,1.829428778225657,1.1663019060125819,13.578117688147735,13.045642484690962,13.178761285555154,13.245320685987252,13.311880086419349,9104896.564619467,121203291.26746581
600173,模拟股票174,石油行业,16375817034.786428,11463071924.3505,38.11315813893049,2.3148196977192828,10.039183355986799,-1.4812798270813685,1.4691744692403674,1.4026404106372663,19.34474446012764,18.58612703031871,18.775781387770945,18.870608566497058,18.965435745223175,12685673.360560376,240589323.00459716
600174,模拟股票175,游戏,4189259552.617929,2932481686.83255,18.520056178704095,3.020371681918642,16.013682201585357,-3.0725604729876146,5.409511208808631,3.0332663873395633,20.58272177247754,19.775556212772536,19.97734760269879,20.078243297661913,20.179138992625038,11230333.719777463,226618465.0649532
600175,模拟股票176,教育,239500081347.68964,167650056943.38272,33.4501541050351,2.3403168939381356,7.505017442518863,-4.130074621914245,7.789025913448994,0.542027534655536,15.844570317086772,15.223214618377485,15.378553543054807,15.456223005393468,15.533892467732128,1200904630.80349,18654723398.902966
600176,模拟股票177,电网设备,18333761986.49842,12833633390.548893,6.951353443312537,2.492249157471219,4.611849677455321,-0.5763331581643201,0.41183902538112394,1.9789565926613777,10.631767577898959,10.214835516020567,10.319068531490165,10.371185039224965,10.423301546959763,7243922.315853303,75505586.68089008
600177,模拟股票178,家电行业,119481862172.34122,83637303520.63884,21.32634848558489,1.7478468236193274,0.017635062627066243,-2.997938272950412,5.118132901761739,1.9163203815996281,9.978371909079284,9.58706320676245,9.684890382341658,9.733803970131262,9.782717557920867,625106517.005474,6115240499.480208
600178,模拟股票179,工程机械,3547780814.662663,2483446570.263864,11.334342002271342,1.6054251187084874,1.4004199459283027,-2.1534701581551663,3.7259452167639187,5.753797683461098,15.120098685047202,14.527153638574761,14.675389900192872,14.749508031001927,14.823626161810981,8917411.173369892,132188369.56519148
600179,模拟股票180,电网设备,7176942743.195253,5023859920.236677,-1.0,0.6251922327670383,1.0667601389863415,0.20097215167461574,4.601839874017654,8.285419358757357,25.20491321556437,24.216485246326553,24.463592238636007,24.587145734790735,24.710699230945462,13365522.756157923,330271412.8917756
600180,模拟股票181,电力行业,32179311097.865376,22525517768.50576,27.8122985540601,2.7230232374662613,1.7054247860084712,1.832429501264325,0.8257744842488915,1.1075387347772783,6.357303071267546,6.1079970684727405,6.170323569171441,6.201486819520793,6.232650069870143,42634920.50321069,265728540.25324413
600181,模拟股票182,工程机械,4414017048.60618,3089811934.024326,16.623894589182683,1.228953960920816,4.7530887356577765,-3.047465456935191,1.647526970233589,5.9013334924652625,6.498690387037467,6.243839783624233,6.307552434477541,6.339408759904196,6.37126508533085,11414078.738291759,72722121.34649548
600182,模拟股票183,电网设备,16279956389.25167,11395969472.47617,-1.0,1.9189781347327568,0.21314686367417068,-3.7990215168771124,1.2260882412134049,8.739590782198487,52.93191565081799,50.8561542527467,51.37509460226452,51.634564777023435,51.894034951782345,3846427.265652995,199606630.96328515
600183,模拟股票184,教育,13605021953.350376,9523515367.345263,53.49517690973978,1.485327213172942,0.8582955014438338,0.6705333189874948,0.8800304173868349,11.458580066140671,9.757174753661205,9.37454044959606,9.470199025612347,9.518028313620489,9.565857601628633,12516215.112929918,119728331.48163982
600184,模拟股票185,游戏,5632022637.663419,3942415846.3643928,12.434623458413062,2.624193276002481,1.8317263338101073,-1.081420212613788,0.45852766957417684,1.8002786892968792,6.720151301897553,6.456615956725099,6.522499793018213,6.55544171116477,6.588383629311326,3919684.038354571,25824382.15036816
600185,模拟股票186,游戏,31961695123.541996,22373186586.479397,-1.0,1.6089513474746107,5.998296374134203,-2.9203402241984286,1.547421172007841,3.2081518293928872,6.897202315349545,6.626723793178974,6.694343423721617,6.728153238992938,6.7619630542642595,73141783.42964931,494582037.2742865
600186,模拟股票187,影视,14721644745.159512,10305151321.611658,-1.0,0.9579485731591102,0.5167096943436476,3.8118931819746704,0.19751164820430436,0.9707224278939957,10.070153159618647,9.67524519257478,9.773972184335745,9.82333568021623,9.872699176096713,2945188.8141539455,29076963.178946916
600187,模拟股票188,生物制品,5136936532.90257,3595855573.031799,31.792618128098493,1.5269486791266962,1.903719593638453,-2.5390699649726205,3.1525996918479096,1.142734634387131,18.312591459344684,17.59445061780176,17.773985828187488,17.863753433380356,17.95352103857322,9020350.100616205,161947045.3067091
600188,模拟股票189,保险,48461218235.15152,33922852764.60606,17.061983464702315,4.560659125382146,0.08488388718951224,2.345397933938735,0.9041486475332485,1.1269704446439914,14.383017274549948,13.818977381430342,13.959987354710243,14.030492341350193,14.100997327990145,31073082.2125268,438161449.2512585
600189,模拟股票190,家电行业,34776609966.6987,24343626976.689087,11.993871725264889,2.6037534994335134,11.14532382331616,-0.12304626301039084,2.58331825828243,1.1703016421925945,5.331486587903744,5.122408682495753,5.174678158847751,5.20081289702375,5.226947635199749,171876700.81700802,898390514.8813949
600190,模拟股票191,家电行业,26635505959.15269,18644854171.406883,-1.0,1.21052250204633,0.0745097903874237,1.676072898099826,0.9529357590299149,10.887011735671704,8.315491525586948,7.989393818701186,8.070918245422627,8.111680458783347,8.152442672144067,31134136.244904894,253819260.8833099
600191,模拟股票192,中药,19107986163.570877,13375590314.499613,44.281125325156935,1.4601444810544524,4.309834764897406,-0.27350735866856146,1.229652636848165,5.285132985802272,2.600182113551376,2.498214187529753,2.523706169035159,2.5364521597878618,2.5491981505405645,92170887.40595059,234961855.7089318
600192,模拟股票193,教育,515478367.36847675,360834857.1579337,14.308147555785009,1.3989424192902888,1.0690521538901403,-0.9669614076340196,2.106212651071003,2.910091846046793,45.2454982437888,43.47116497932649,43.91474829544207,44.136539953499856,44.358331611557645,244758.31692958195,10857070.58704912
600193,模拟股票194,游戏,12716242392.942005,8901369675.059402,41.89135197723791,1.1485717979203438,2.8188998612768885,-1.3938518918951792,0.7863933938392205,0.5766845713773645,16.10758135343437,15.475911496436943,15.6338289606863,15.712787692810977,15.791746424935656,6332402.220236752,99999690.12267834
600194,模拟股票195,中药,20068559587.79106,14047991711.453743,17.55689771248536,1.2999545476472854,5.032010204353363,-3.637431073943729,0.141929786346195,4.321051769964348,7.719280745171503,7.416563853203993,7.49224307619587,7.5300826876918086,7.567922299187748,3763683.4285108536,28483263.745710682
600195,模拟股票196,石油行业,24812151284.582565,17368505899.207794,22.920730883088773,1.8457451239019422,5.183185977038005,-1.1379897595149862,0.0003768346120154304,1.4317030603122378,22.579687158965946,21.694209231163356,21.915578713114005,22.026263454089328,22.13694819506465,4223.742731023059,93500.77402593834
600196,模拟股票197,石油行业,2689655179.397394,1882758625.5781758,5.4542671869228805,2.3139792714860565,9.409042900880847,-2.827696174329197,0.08586651661376282,4.040114848989438,10.694989184343536,10.275577843781045,10.380430678921668,10.43285709649198,10.48528351406229,220262.3523124389,2309513.2114701956
600197,模拟股票198,家电行业,43016881544.830986,30111817081.381687,15.466991579799837,1.7831652465843733,4.085694417941096,2.66598826065288,0.036341292828328924,0.9918572328219574,16.012764117029693,15.384812583028527,15.54180046652882,15.620294408278964,15.69878835002911,995802.3854620234,15632890.887822412
600198,模拟股票199,有色金属,6734757195.24209,4714330036.669463,15.986975627605121,1.4728398791891602,0.17697085469629437,1.5849091040007548,3.480629184851565,0.23142360057376116,3.1887810495961455,3.063730812357081,3.094993371666847,3.11062465132173,3.126255930976613,74981680.84826593,234411924.4664869
600199,模拟股票200,中药,71706457131.2604,50194519991.88228,-1.0,1.166980345700019,5.829905905477947,2.6974071410624756,1.7989732801526803,6.685286671329168,17.504412592266338,16.817965039628444,16.989576927787915,17.075382871867653,17.16118881594739,75168452.35900967,1289980003.9355109
